# nonunit factor_a factor_b product; a<=b
1	1	7
1	2	74
1	3	26
1	4	100
1	5	1234
1	6	315
1	7	309
1	8	2587
1	9	136
1	10	646
1	11	2849
1	12	117
1	13	907
1	14	2901
1	16	6974
1	17	6919
1	18	6591
1	19	1838
1	20	9149
1	22	1445
1	23	1888
1	24	2048
1	25	10791
1	26	1846
1	27	2201
1	28	1848
1	29	14791
1	31	2386
1	33	21089
1	34	16584
1	35	16574
1	36	5055
1	37	21693
1	39	5056
1	87	12170
1	94	9081
1	95	9109
1	96	9123
1	97	10654
1	105	11413
1	109	12846
1	113	13616
1	129	12238
1	133	14917
1	134	14939
1	135	14949
2	2	5815
2	3	355
2	4	25205
3	3	129
3	4	545
3	6	2225
3	7	1846
3	9	735
3	10	3335
3	12	674
3	13	3345
3	19	14582
3	22	8609
3	23	12397
3	24	10244
3	26	12238
3	27	11813
3	28	11862
3	31	11939
3	36	20418
3	39	20420
4	4	19370
9	9	4225
9	12	2947
12	12	3663
