# id vertices adjacency_mask; root=0
0	1	0
1	2	1
2	3	3
3	3	6
4	3	7
5	4	7
6	4	22
7	4	30
8	4	39
9	4	52
10	4	54
11	4	55
12	4	60
13	4	62
14	4	63
15	5	78
16	5	110
17	5	126
18	5	204
19	5	206
20	5	220
21	5	332
22	5	348
23	5	366
24	5	460
25	5	476
26	5	492
27	5	494
28	5	508
29	5	590
30	5	622
31	5	638
32	5	716
33	5	718
34	5	732
35	6	1308
36	6	1340
37	6	1820
38	6	1852
39	6	2332
40	6	2364
41	6	2972
42	6	3004
43	6	3356
44	6	3388
45	6	3484
46	6	3516
47	6	3868
48	6	3996
49	6	4060
50	6	6424
51	6	6428
52	6	6460
53	6	6936
54	6	7000
55	6	7032
56	6	7064
57	6	7068
58	6	7100
59	6	7452
60	6	7484
61	6	7964
62	6	8024
63	6	9500
64	6	9532
65	6	10072
66	6	10904
67	6	13592
68	6	13596
69	6	13628
70	6	14104
71	6	17692
72	6	17724
73	6	18204
74	6	18236
75	6	19548
76	6	19580
77	7	42040
78	7	44088
79	7	44216
80	7	44280
81	7	52792
82	7	60600
83	7	61112
84	7	83000
85	7	85048
86	7	85176
87	7	85240
88	7	85560
89	7	89784
90	7	93368
91	7	115768
92	7	117816
93	7	118328
94	7	120376
95	7	122424
96	7	123960
97	7	126008
98	7	128184
99	7	142520
100	7	146616
101	7	150072
102	7	150328
103	7	154296
104	7	173112
105	7	175160
106	7	182840
107	7	204344
108	7	205880
109	7	207928
110	7	208184
111	7	221496
112	7	223544
113	7	238648
114	7	238712
115	7	242744
116	7	314936
117	7	322744
118	7	345136
119	7	345144
120	7	347192
121	7	347320
122	7	347384
123	7	347440
124	7	351664
125	7	377904
126	7	377912
127	7	379960
128	7	380208
129	7	382000
130	7	384048
131	7	404664
132	7	408760
133	7	409008
134	7	412472
135	7	435248
136	7	435256
137	7	437304
138	7	437552
139	7	601144
140	7	601392
141	7	605368
142	7	633912
143	7	634160
144	7	635952
145	7	1090616
146	7	1092664
147	7	1092792
148	7	1092856
149	7	1121464
150	7	1132856
151	8	5183600
152	8	5192304
153	8	5378160
154	8	5386864
155	8	5403504
156	8	5640304
157	8	5640432
158	8	5649008
159	8	5649136
160	8	5656688
161	8	5658736
162	8	5664880
163	8	5666928
164	8	5667952
165	8	5675120
166	8	5683824
167	8	5705840
168	8	5714544
169	8	6183024
170	8	6246512
171	8	6623344
172	8	6632048
173	8	6639984
174	8	6703216
175	8	6711408
176	8	7657584
177	8	7688304
178	8	7950960
179	8	9328752
180	8	9353840
181	8	9384560
182	8	9572464
183	8	9581168
184	8	9597808
185	8	9834608
186	8	9843312
187	8	9850992
188	8	9852016
189	8	9859184
190	8	9860208
191	8	9867376
192	8	9876080
193	8	10375280
194	8	10580848
195	8	10817648
196	8	10826352
197	8	10850416
198	8	10859120
199	8	10898544
200	8	10945648
201	8	10954352
202	8	11327600
203	8	11358320
204	8	11849840
205	8	11945072
206	8	13570160
207	8	13766768
208	8	13775472
209	8	14028912
210	8	14291056
211	8	14299760
212	8	14553200
213	8	14553328
214	8	14822000
215	8	15011952
216	8	15044720
217	8	15274096
218	8	15282800
219	8	15536240
220	8	15536368
221	8	17649776
222	8	17713264
223	8	17904240
224	8	18166384
225	8	18174064
226	8	18199152
227	8	18698352
228	8	18731120
229	8	19171440
230	8	19180144
231	8	22384752
232	8	22622832
233	8	25759856
234	8	25768560
235	8	26022000
236	8	26355312
237	8	26513520
238	8	29954160
239	8	29962352
240	8	38932592
241	8	38941296
242	8	38957936
243	8	39194736
244	8	39194864
245	8	39203440
246	8	39203568
247	8	39211120
248	8	39219312
249	8	40177776
250	8	40186480
251	8	40194416
252	8	51204208
253	8	72700016
254	8	72708208
255	8	76370032
256	8	139268208
257	8	139276912
258	9	1228038368
259	9	1232298208
260	9	1232685280
261	9	1292951776
262	9	1295147232
263	9	1295180000
264	9	1297629408
265	9	1299726560
266	9	1325940960
267	9	1328169184
268	9	1358514400
269	9	1360019680
270	9	1362247904
271	9	1362249952
272	9	1362283744
273	9	1366378720
274	9	1366507744
275	9	1378500832
276	9	1378502880
277	9	1378536672
278	9	1382631648
279	9	1382893792
280	9	1383147744
281	9	1420976352
282	9	1427128544
283	9	1429356768
284	9	1431322848
285	9	1431584992
286	9	1433420000
287	9	1433420256
288	9	1435517152
289	9	1437745376
290	9	1445609696
291	9	1446129888
292	9	1447575776
293	9	1447837920
294	9	1449672928
295	9	1449673184
296	9	1449935072
297	9	1451770080
298	9	1453998304
299	9	1496467680
300	9	1512720608
301	9	1561381088
302	9	1565540576
303	9	1578150112
304	9	1581793504
305	9	1630194912
306	9	1634418912
307	9	1634552032
308	9	1697267936
309	9	1705656544
310	9	1890207968
311	9	1898334432
312	9	1955121376
313	9	1959280864
314	9	2298038496
315	9	2301774048
316	9	2318026976
317	9	2360500448
318	9	2370846944
319	9	2387099872
320	9	2393522400
321	9	2431731936
322	9	2451982560
323	9	2452754656
324	9	2456111328
325	9	2457014496
326	9	2492481760
327	9	2494709984
328	9	2519863520
329	9	2521055456
330	9	2523152608
331	9	2523152864
332	9	2699643104
333	9	2707769568
334	9	2708672736
335	9	2720409824
336	9	2760392928
337	9	2762621152
338	9	2771521760
339	9	2898804960
340	9	3373285600
341	9	3375483104
342	9	3375513824
343	9	3391766752
344	9	3440394464
345	9	3834134752
346	9	4453124320
347	9	4518068448
348	9	4524228832
349	9	4578691296
350	9	4583461088
351	9	4586817760
352	9	4641669344
353	9	4650569952
354	9	4651761888
355	9	4773693664
356	9	5522442464
357	9	5522473184
358	9	5656428768
359	10	627342115264
360	10	627359424960
361	10	627393769920
362	10	628450468288
363	10	628467245504
364	10	628482965952
365	10	628484014528
366	10	628500275648
367	10	628501316032
368	10	628714709440
369	10	628731486656
370	10	628747207104
371	10	628764516800
372	10	630597943744
373	10	630664004032
374	10	630664004544
375	10	630928245184
376	10	630928245696
377	10	635979510208
378	10	637069754816
379	10	637086015936
380	10	639183684032
381	10	661701853632
382	10	661719036352
383	10	661719163328
384	10	661982872000
385	10	661983404480
386	10	662842704320
387	10	663106945472
388	10	663123722688
389	10	663123723200
390	10	663849337280
391	10	664923079104
392	10	664923210176
393	10	673508950464
394	10	691783934400
395	10	692874977728
396	10	692908007872
397	10	692924785088
398	10	692925825472
399	10	693189026240
400	10	693193187776
401	10	694229213632
402	10	694233375168
403	10	695022453184
404	10	695055483328
405	10	695088513472
406	10	695088513984
407	10	697068757440
408	10	697069273536
409	10	697085534656
410	10	704564769216
411	10	705655013824
412	10	707768943040
413	10	726126363072
414	10	726143545792
415	10	726143672768
416	10	726407913920
417	10	727267213760
418	10	727531454912
419	10	728571642304
420	10	739290685888
421	10	741020336576
422	10	742094078400
423	10	742094209472
424	10	832457212352
425	10	833413788096
426	10	833545908672
427	10	836617961920
428	10	836750082496
429	10	1173943812544
430	10	1173962162624
431	10	1174192333248
432	10	1188805280192
433	10	1207444251072
434	10	1208303550912
435	10	1209310183872
436	10	1220327023040
437	10	1379981140416
438	10	1414323569088
439	10	2273452294592
440	10	2277613044160
441	10	2340912964032
442	10	2342053814720
